{
	"format_version": "1.21.6",
	"credit": "Made with Nondefined",
	"textures": {
		"0": "./texture1",
		"particle": "./texture1"
	},
	"elements": [
		{
			"name": "083",
			"from": [5.55, 5.25, 7.3],
			"to": [9.05, 13.75, 7.45],
			"rotation": {"angle": 0, "axis": "y", "origin": [8.55, 11.75, 5.5]},
			"faces": {
				"north": {"uv": [12.5, 0, 16, 8.5], "texture": "#0"},
				"east": {"uv": [12, 0, 12.15, 8.5], "texture": "#0"},
				"south": {"uv": [7.5, 12.5, 16, 16], "rotation": 270, "texture": "#0"},
				"west": {"uv": [0, 0, 0.15, 8.5], "texture": "#0"},
				"up": {"uv": [0, 0, 0.15, 3.5], "rotation": 90, "texture": "#0"},
				"down": {"uv": [0, 0, 0.15, 3.5], "rotation": 270, "texture": "#0"}
			}
		},
		{
			"from": [7, 2.15, 7.25],
			"to": [7.75, 4.65, 7.45],
			"rotation": {"angle": 0, "axis": "y", "origin": [7, 0.15, 6]},
			"faces": {
				"north": {"uv": [0, 6, 1, 8.5], "texture": "#0"},
				"east": {"uv": [6, 3, 6.5, 5.5], "texture": "#0"},
				"south": {"uv": [6, 0, 7, 2.5], "texture": "#0"},
				"west": {"uv": [5, 6, 5.5, 8.5], "texture": "#0"},
				"up": {"uv": [7, 8.5, 6, 8], "texture": "#0"},
				"down": {"uv": [9, 6, 8, 6.5], "texture": "#0"}
			}
		},
		{
			"from": [6.5, 4.65, 7.15],
			"to": [8.25, 5.2, 7.55],
			"rotation": {"angle": 0, "axis": "y", "origin": [6.75, 4.3, 6.5]},
			"faces": {
				"north": {"uv": [1, 6, 3, 7], "texture": "#0"},
				"east": {"uv": [7, 8, 7.5, 9], "texture": "#0"},
				"south": {"uv": [3, 6, 5, 7], "texture": "#0"},
				"west": {"uv": [8, 7, 8.5, 8], "texture": "#0"},
				"up": {"uv": [8, 6.5, 6, 6], "texture": "#0"},
				"down": {"uv": [9, 0, 7, 0.5], "texture": "#0"}
			}
		},
		{
			"from": [6.25, 5.2, 7.05],
			"to": [8.6, 5.7, 7.65],
			"rotation": {"angle": 0, "axis": "y", "origin": [6.15, 5.2, 5.9]},
			"faces": {
				"north": {"uv": [1, 7, 2.5, 7.5], "texture": "#0"},
				"east": {"uv": [9, 1, 9.5, 1.5], "texture": "#0"},
				"south": {"uv": [7, 1, 8.5, 1.5], "texture": "#0"},
				"west": {"uv": [2, 9, 2.5, 9.5], "texture": "#0"},
				"up": {"uv": [8.5, 2.5, 7, 2], "texture": "#0"},
				"down": {"uv": [4.5, 7, 3, 7.5], "texture": "#0"}
			}
		},
		{
			"from": [7, 5.2, 6.65],
			"to": [7.85, 5.7, 7.05],
			"rotation": {"angle": 0, "axis": "y", "origin": [6.9, 5.2, 5.3]},
			"faces": {
				"north": {"uv": [8, 8, 9, 8.5], "texture": "#0"},
				"east": {"uv": [2, 10, 2.5, 10.5], "texture": "#0"},
				"south": {"uv": [0, 9, 1, 9.5], "texture": "#0"},
				"west": {"uv": [10, 2, 10.5, 2.5], "texture": "#0"},
				"up": {"uv": [10, 0.5, 9, 0], "texture": "#0"},
				"down": {"uv": [2, 9, 1, 9.5], "texture": "#0"}
			}
		},
		{
			"from": [7, 5.2, 7.65],
			"to": [7.85, 5.7, 8.05],
			"rotation": {"angle": 0, "axis": "y", "origin": [6.9, 5.2, 6.3]},
			"faces": {
				"north": {"uv": [8, 8, 9, 8.5], "texture": "#0"},
				"east": {"uv": [2, 10, 2.5, 10.5], "texture": "#0"},
				"south": {"uv": [0, 9, 1, 9.5], "texture": "#0"},
				"west": {"uv": [10, 2, 10.5, 2.5], "texture": "#0"},
				"up": {"uv": [10, 0.5, 9, 0], "texture": "#0"},
				"down": {"uv": [2, 9, 1, 9.5], "texture": "#0"}
			}
		},
		{
			"from": [6.6, 1.65, 7.15],
			"to": [8.1, 2.15, 7.55],
			"rotation": {"angle": 0, "axis": "y", "origin": [7.85, 1.15, 5.8]},
			"faces": {
				"north": {"uv": [7, 5, 8.5, 5.5], "texture": "#0"},
				"east": {"uv": [3, 10, 3.5, 10.5], "texture": "#0"},
				"south": {"uv": [6, 7, 7.5, 7.5], "texture": "#0"},
				"west": {"uv": [10, 3, 10.5, 3.5], "texture": "#0"},
				"up": {"uv": [2.5, 8.5, 1, 8], "texture": "#0"},
				"down": {"uv": [4.5, 8, 3, 8.5], "texture": "#0"}
			}
		}
	],
	"display": {
		"thirdperson_righthand": {
			"rotation": [-101.81, 84.08, 105.48],
			"translation": [0.75, 6.75, 0.75],
			"scale": [1.8, 2, 2.5]
		},
		"thirdperson_lefthand": {
			"rotation": [-64.83, -87.6, -64.91],
			"translation": [-1.25, 6.5, 0],
			"scale": [1.8, 2, 2.5]
		},
		"firstperson_righthand": {
			"rotation": [-160.64, 81.14, 147.51],
			"translation": [1.5, 4.5, -2.5],
			"scale": [1.35547, 1.3, 1.5]
		},
		"firstperson_lefthand": {
			"rotation": [-143.39, 79.67, 128.29],
			"translation": [2.5, 6.5, -1.75],
			"scale": [1.36, 1.8, 1.5]
		},
		"ground": {
			"rotation": [0, 0, 90],
			"translation": [-9.25, 1.25, 3],
			"scale": [2, 2, 2]
		},
		"gui": {
			"rotation": [0, 0, -32.75],
			"translation": [2, 1.5, 0],
			"scale": [1.8, 2, 2]
		},
		"head": {
			"rotation": [0, 0, -140.25],
			"translation": [-8.25, 2.25, 1],
			"scale": [2, 2, 2]
		},
		"fixed": {
			"rotation": [0, 0, -37.5],
			"translation": [2.5, 1.25, 0],
			"scale": [2, 2, 2]
		}
	},
	"groups": [
		{
			"name": "blade",
			"origin": [8, 8, 8],
			"color": 0,
			"children": [0, 1, 2, 3, 4, 5, 6]
		}
	]
}