{
    "providers": [
        {
            "type": "bitmap",
            "file": "minecraft:font/logo.png",
            "ascent": 30,
            "height": 30,
            "chars": [
                "\u2155"
            ]
        },
        {
            "type": "bitmap",
            "file": "minecraft:font/moderator.png",
            "ascent": 7,
            "height": 8,
            "chars": [
                "\u2694"
            ]
        },
        {
            "type": "bitmap",
            "file": "minecraft:font/minimod.png",
            "ascent": 7,
            "height": 8,
            "chars": [
                "\u2139"
            ]
        },
        {
            "type": "bitmap",
            "file": "minecraft:font/iventolog.png",
            "ascent": 7,
            "height": 8,
            "chars": [
                "\u2660"
            ]
        },
        {
            "type": "bitmap",
            "file": "minecraft:font/zvezda.png",
            "ascent": 7,
            "height": 8,
            "chars": [
                "\u22C6"
            ]
        },
        {
            "type": "bitmap",
            "file": "minecraft:font/sponsor.png",
            "ascent": 7,
            "height": 8,
            "chars": [
                "\u26C0"
            ]
        },
        {
            "type": "bitmap",
            "file": "minecraft:font/glspawn.png",
            "ascent": 7,
            "height": 8,
            "chars": [
                "\u24E2"
            ]
        }
    ]
}